{
  "HTTP Request для GET /character/id" : {
    "transaction" : "HTTP Request для GET /character/id",
    "sampleCount" : 20310,
    "errorCount" : 2960,
    "errorPct" : 14.574101,
    "meanResTime" : 2248.810881339244,
    "medianResTime" : 24.0,
    "minResTime" : 0.0,
    "maxResTime" : 72446.0,
    "pct1ResTime" : 10001.0,
    "pct2ResTime" : 10028.900000000001,
    "pct3ResTime" : 22001.99,
    "throughput" : 161.5237792269763,
    "receivedKBytesPerSec" : 90.37199000666057,
    "sentKBytesPerSec" : 17.11314331656593
  },
  "HTTP Request для GET /characters." : {
    "transaction" : "HTTP Request для GET /characters.",
    "sampleCount" : 20310,
    "errorCount" : 3771,
    "errorPct" : 18.567207,
    "meanResTime" : 2974.5267355982282,
    "medianResTime" : 25.0,
    "minResTime" : 1.0,
    "maxResTime" : 102211.0,
    "pct1ResTime" : 10001.0,
    "pct2ResTime" : 11406.700000000033,
    "pct3ResTime" : 25402.0,
    "throughput" : 161.33901051761939,
    "receivedKBytesPerSec" : 162.36976787657684,
    "sentKBytesPerSec" : 16.166250402155953
  },
  "HTTP Request для POST /character" : {
    "transaction" : "HTTP Request для POST /character",
    "sampleCount" : 20310,
    "errorCount" : 2200,
    "errorPct" : 10.832103,
    "meanResTime" : 1851.4964057114723,
    "medianResTime" : 23.0,
    "minResTime" : 1.0,
    "maxResTime" : 102212.0,
    "pct1ResTime" : 10001.0,
    "pct2ResTime" : 10011.0,
    "pct3ResTime" : 19330.980000000003,
    "throughput" : 161.53534132393762,
    "receivedKBytesPerSec" : 76.75098057807939,
    "sentKBytesPerSec" : 32.211548737980294
  },
  "Total" : {
    "transaction" : "Total",
    "sampleCount" : 101550,
    "errorCount" : 11768,
    "errorPct" : 11.58838,
    "meanResTime" : 1916.5350861644774,
    "medianResTime" : 16.0,
    "minResTime" : 0.0,
    "maxResTime" : 102212.0,
    "pct1ResTime" : 20.0,
    "pct2ResTime" : 9640.900000000001,
    "pct3ResTime" : 31529.94000000001,
    "throughput" : 806.6694204372141,
    "receivedKBytesPerSec" : 460.4031708741103,
    "sentKBytesPerSec" : 130.30989568852868
  },
  "HTTP Request для PUT /character/id" : {
    "transaction" : "HTTP Request для PUT /character/id",
    "sampleCount" : 20310,
    "errorCount" : 1732,
    "errorPct" : 8.527819,
    "meanResTime" : 1326.461053668143,
    "medianResTime" : 23.0,
    "minResTime" : 0.0,
    "maxResTime" : 66014.0,
    "pct1ResTime" : 10000.0,
    "pct2ResTime" : 10002.0,
    "pct3ResTime" : 18308.950000000008,
    "throughput" : 161.55718535723946,
    "receivedKBytesPerSec" : 72.13975024659148,
    "sentKBytesPerSec" : 33.19274678039041
  },
  "HTTP Request для DELETE /character/id" : {
    "transaction" : "HTTP Request для DELETE /character/id",
    "sampleCount" : 20310,
    "errorCount" : 1105,
    "errorPct" : 5.4406695,
    "meanResTime" : 1181.3803545051646,
    "medianResTime" : 23.0,
    "minResTime" : 1.0,
    "maxResTime" : 70025.0,
    "pct1ResTime" : 93.0,
    "pct2ResTime" : 10001.0,
    "pct3ResTime" : 17386.980000000003,
    "throughput" : 161.60989233964338,
    "receivedKBytesPerSec" : 59.1785856200218,
    "sentKBytesPerSec" : 31.787178145365353
  }
}