{
  "HTTP Request для GET /character/id" : {
    "transaction" : "HTTP Request для GET /character/id",
    "sampleCount" : 16360,
    "errorCount" : 2445,
    "errorPct" : 14.944988,
    "meanResTime" : 2392.8772004890025,
    "medianResTime" : 21.0,
    "minResTime" : 0.0,
    "maxResTime" : 55161.0,
    "pct1ResTime" : 10001.0,
    "pct2ResTime" : 10251.0,
    "pct3ResTime" : 26615.079999998678,
    "throughput" : 227.16227662144712,
    "receivedKBytesPerSec" : 128.25868867937626,
    "sentKBytesPerSec" : 23.962928294096
  },
  "HTTP Request для GET /characters." : {
    "transaction" : "HTTP Request для GET /characters.",
    "sampleCount" : 16360,
    "errorCount" : 3118,
    "errorPct" : 19.05868,
    "meanResTime" : 2886.2269559902343,
    "medianResTime" : 30.0,
    "minResTime" : 1.0,
    "maxResTime" : 28157.0,
    "pct1ResTime" : 10002.0,
    "pct2ResTime" : 10240.0,
    "pct3ResTime" : 16638.79999999999,
    "throughput" : 226.98892804617478,
    "receivedKBytesPerSec" : 186.8237202389211,
    "sentKBytesPerSec" : 22.60713598176874
  },
  "HTTP Request для POST /character" : {
    "transaction" : "HTTP Request для POST /character",
    "sampleCount" : 16360,
    "errorCount" : 1493,
    "errorPct" : 9.1259165,
    "meanResTime" : 1999.3108801955898,
    "medianResTime" : 20.0,
    "minResTime" : 1.0,
    "maxResTime" : 54672.0,
    "pct1ResTime" : 10001.0,
    "pct2ResTime" : 10016.949999999999,
    "pct3ResTime" : 28027.0,
    "throughput" : 227.3453676296883,
    "receivedKBytesPerSec" : 100.03521058715832,
    "sentKBytesPerSec" : 46.20209590524729
  },
  "Total" : {
    "transaction" : "Total",
    "sampleCount" : 81800,
    "errorCount" : 8640,
    "errorPct" : 10.562347,
    "meanResTime" : 1823.2855745721097,
    "medianResTime" : 14.0,
    "minResTime" : 0.0,
    "maxResTime" : 55161.0,
    "pct1ResTime" : 50.0,
    "pct2ResTime" : 10007.0,
    "pct3ResTime" : 28049.99,
    "throughput" : 1134.850166481687,
    "receivedKBytesPerSec" : 578.1753590845242,
    "sentKBytesPerSec" : 186.05308066991537
  },
  "HTTP Request для PUT /character/id" : {
    "transaction" : "HTTP Request для PUT /character/id",
    "sampleCount" : 16360,
    "errorCount" : 1045,
    "errorPct" : 6.3875303,
    "meanResTime" : 1092.409290953546,
    "medianResTime" : 19.0,
    "minResTime" : 0.0,
    "maxResTime" : 31730.0,
    "pct1ResTime" : 220.89999999999964,
    "pct2ResTime" : 10002.949999999999,
    "pct3ResTime" : 13021.289999999994,
    "throughput" : 227.36116515648453,
    "receivedKBytesPerSec" : 91.13723794749569,
    "sentKBytesPerSec" : 47.80550027968481
  },
  "HTTP Request для DELETE /character/id" : {
    "transaction" : "HTTP Request для DELETE /character/id",
    "sampleCount" : 16360,
    "errorCount" : 539,
    "errorPct" : 3.294621,
    "meanResTime" : 745.6035452322741,
    "medianResTime" : 19.0,
    "minResTime" : 1.0,
    "maxResTime" : 28058.0,
    "pct1ResTime" : 202.0,
    "pct2ResTime" : 10000.0,
    "pct3ResTime" : 12099.429999999978,
    "throughput" : 227.38328538270164,
    "receivedKBytesPerSec" : 72.49829306175208,
    "sentKBytesPerSec" : 45.739226418192054
  }
}