{
  "HTTP Request для GET /character/id" : {
    "transaction" : "HTTP Request для GET /character/id",
    "sampleCount" : 2000,
    "errorCount" : 0,
    "errorPct" : 0.0,
    "meanResTime" : 11.887500000000012,
    "medianResTime" : 10.0,
    "minResTime" : 1.0,
    "maxResTime" : 60.0,
    "pct1ResTime" : 20.0,
    "pct2ResTime" : 22.0,
    "pct3ResTime" : 30.99000000000001,
    "throughput" : 155.8724962980282,
    "receivedKBytesPerSec" : 35.771520146520146,
    "sentKBytesPerSec" : 19.331842802587484
  },
  "HTTP Request для GET /characters." : {
    "transaction" : "HTTP Request для GET /characters.",
    "sampleCount" : 2000,
    "errorCount" : 0,
    "errorPct" : 0.0,
    "meanResTime" : 2836.0100000000043,
    "medianResTime" : 56.5,
    "minResTime" : 1.0,
    "maxResTime" : 12025.0,
    "pct1ResTime" : 8541.9,
    "pct2ResTime" : 9628.599999999999,
    "pct3ResTime" : 10327.98,
    "throughput" : 154.67904098994586,
    "receivedKBytesPerSec" : 76.2286712103635,
    "sentKBytesPerSec" : 19.032772621809745
  },
  "HTTP Request для POST /character" : {
    "transaction" : "HTTP Request для POST /character",
    "sampleCount" : 2000,
    "errorCount" : 0,
    "errorPct" : 0.0,
    "meanResTime" : 10.535000000000007,
    "medianResTime" : 10.0,
    "minResTime" : 1.0,
    "maxResTime" : 38.0,
    "pct1ResTime" : 13.0,
    "pct2ResTime" : 15.0,
    "pct3ResTime" : 25.99000000000001,
    "throughput" : 156.03058199407081,
    "receivedKBytesPerSec" : 35.80779957871743,
    "sentKBytesPerSec" : 34.89355788734592
  },
  "Total" : {
    "transaction" : "Total",
    "sampleCount" : 10000,
    "errorCount" : 0,
    "errorPct" : 0.0,
    "meanResTime" : 575.8585999999989,
    "medianResTime" : 10.0,
    "minResTime" : 1.0,
    "maxResTime" : 12025.0,
    "pct1ResTime" : 80.69999999999163,
    "pct2ResTime" : 5698.0,
    "pct3ResTime" : 9628.919999999998,
    "throughput" : 773.1560228854183,
    "receivedKBytesPerSec" : 224.19199155327047,
    "sentKBytesPerSec" : 139.68150804082265
  },
  "HTTP Request для PUT /character/id" : {
    "transaction" : "HTTP Request для PUT /character/id",
    "sampleCount" : 2000,
    "errorCount" : 0,
    "errorPct" : 0.0,
    "meanResTime" : 10.25800000000003,
    "medianResTime" : 10.0,
    "minResTime" : 1.0,
    "maxResTime" : 31.0,
    "pct1ResTime" : 13.0,
    "pct2ResTime" : 14.949999999999818,
    "pct3ResTime" : 25.99000000000001,
    "throughput" : 156.37216575449568,
    "receivedKBytesPerSec" : 39.85657740422205,
    "sentKBytesPerSec" : 35.12265441751369
  },
  "HTTP Request для DELETE /character/id" : {
    "transaction" : "HTTP Request для DELETE /character/id",
    "sampleCount" : 2000,
    "errorCount" : 0,
    "errorPct" : 0.0,
    "meanResTime" : 10.602499999999994,
    "medianResTime" : 10.0,
    "minResTime" : 1.0,
    "maxResTime" : 31.0,
    "pct1ResTime" : 13.0,
    "pct2ResTime" : 15.0,
    "pct3ResTime" : 25.0,
    "throughput" : 156.64160401002505,
    "receivedKBytesPerSec" : 38.08960878759398,
    "sentKBytesPerSec" : 32.58267739661654
  }
}