{
  "HTTP Request для GET /character/id" : {
    "transaction" : "HTTP Request для GET /character/id",
    "sampleCount" : 324979,
    "errorCount" : 75342,
    "errorPct" : 23.183651,
    "meanResTime" : 2991.967385584943,
    "medianResTime" : 104.0,
    "minResTime" : 0.0,
    "maxResTime" : 190423.0,
    "pct1ResTime" : 10010.0,
    "pct2ResTime" : 10027.0,
    "pct3ResTime" : 46157.990000000165,
    "throughput" : 271.48073489989235,
    "receivedKBytesPerSec" : 205.84751669270614,
    "sentKBytesPerSec" : 25.914915259122136
  },
  "HTTP Request для GET /characters." : {
    "transaction" : "HTTP Request для GET /characters.",
    "sampleCount" : 325794,
    "errorCount" : 76061,
    "errorPct" : 23.346348,
    "meanResTime" : 3025.0779879309925,
    "medianResTime" : 104.0,
    "minResTime" : 0.0,
    "maxResTime" : 204607.0,
    "pct1ResTime" : 10010.0,
    "pct2ResTime" : 10027.0,
    "pct3ResTime" : 46011.91000000002,
    "throughput" : 272.134743426004,
    "receivedKBytesPerSec" : 490.9156420726871,
    "sentKBytesPerSec" : 25.72055751740132
  },
  "HTTP Request для POST /character" : {
    "transaction" : "HTTP Request для POST /character",
    "sampleCount" : 324194,
    "errorCount" : 74852,
    "errorPct" : 23.088644,
    "meanResTime" : 2977.250436466999,
    "medianResTime" : 104.0,
    "minResTime" : 0.0,
    "maxResTime" : 204615.0,
    "pct1ResTime" : 10010.0,
    "pct2ResTime" : 10029.0,
    "pct3ResTime" : 46029.73000000004,
    "throughput" : 270.82722457105,
    "receivedKBytesPerSec" : 204.9821926316214,
    "sentKBytesPerSec" : 46.649648020426866
  },
  "Total" : {
    "transaction" : "Total",
    "sampleCount" : 1620789,
    "errorCount" : 372932,
    "errorPct" : 23.009287,
    "meanResTime" : 2964.962703350059,
    "medianResTime" : 95.0,
    "minResTime" : 0.0,
    "maxResTime" : 204615.0,
    "pct1ResTime" : 10011.0,
    "pct2ResTime" : 10028.0,
    "pct3ResTime" : 47765.76000000004,
    "throughput" : 1353.8288440672275,
    "receivedKBytesPerSec" : 1314.1581966629224,
    "sentKBytesPerSec" : 188.57378568802628
  },
  "HTTP Request для PUT /character/id" : {
    "transaction" : "HTTP Request для PUT /character/id",
    "sampleCount" : 323318,
    "errorCount" : 73809,
    "errorPct" : 22.828608,
    "meanResTime" : 2947.6510648958015,
    "medianResTime" : 104.0,
    "minResTime" : 0.0,
    "maxResTime" : 204613.0,
    "pct1ResTime" : 10009.0,
    "pct2ResTime" : 10026.0,
    "pct3ResTime" : 46135.56000000007,
    "throughput" : 270.0983594505772,
    "receivedKBytesPerSec" : 208.38829756239986,
    "sentKBytesPerSec" : 46.88238802778191
  },
  "HTTP Request для DELETE /character/id" : {
    "transaction" : "HTTP Request для DELETE /character/id",
    "sampleCount" : 322504,
    "errorCount" : 72868,
    "errorPct" : 22.594448,
    "meanResTime" : 2882.025441544881,
    "medianResTime" : 104.0,
    "minResTime" : 0.0,
    "maxResTime" : 204614.0,
    "pct1ResTime" : 10010.0,
    "pct2ResTime" : 10026.0,
    "pct3ResTime" : 46092.88000000002,
    "throughput" : 269.42149864998527,
    "receivedKBytesPerSec" : 204.1287025612582,
    "sentKBytesPerSec" : 43.42653814663491
  }
}