{
  "HTTP Request для GET /character/id" : {
    "transaction" : "HTTP Request для GET /character/id",
    "sampleCount" : 356966,
    "errorCount" : 13617,
    "errorPct" : 3.814649,
    "meanResTime" : 860.7374791997132,
    "medianResTime" : 97.0,
    "minResTime" : 1.0,
    "maxResTime" : 87772.0,
    "pct1ResTime" : 121.0,
    "pct2ResTime" : 129.0,
    "pct3ResTime" : 10001.990000000002,
    "throughput" : 234.78426729807944,
    "receivedKBytesPerSec" : 69.50195184038739,
    "sentKBytesPerSec" : 28.280264059828003
  },
  "HTTP Request для GET /characters." : {
    "transaction" : "HTTP Request для GET /characters.",
    "sampleCount" : 357171,
    "errorCount" : 13817,
    "errorPct" : 3.8684552,
    "meanResTime" : 887.7405276464184,
    "medianResTime" : 97.0,
    "minResTime" : 2.0,
    "maxResTime" : 154002.0,
    "pct1ResTime" : 121.0,
    "pct2ResTime" : 133.0,
    "pct3ResTime" : 10002.0,
    "throughput" : 234.9031866428412,
    "receivedKBytesPerSec" : 262.699856509244,
    "sentKBytesPerSec" : 28.06361483461394
  },
  "HTTP Request для POST /character" : {
    "transaction" : "HTTP Request для POST /character",
    "sampleCount" : 356775,
    "errorCount" : 13319,
    "errorPct" : 3.7331653,
    "meanResTime" : 832.3849120594363,
    "medianResTime" : 97.0,
    "minResTime" : 1.0,
    "maxResTime" : 91163.0,
    "pct1ResTime" : 121.0,
    "pct2ResTime" : 130.0,
    "pct3ResTime" : 10001.0,
    "throughput" : 234.65895114305596,
    "receivedKBytesPerSec" : 69.22566813611469,
    "sentKBytesPerSec" : 50.9894956113054
  },
  "Total" : {
    "transaction" : "Total",
    "sampleCount" : 1783856,
    "errorCount" : 67110,
    "errorPct" : 3.762075,
    "meanResTime" : 842.4983827169962,
    "medianResTime" : 95.0,
    "minResTime" : 1.0,
    "maxResTime" : 154022.0,
    "pct1ResTime" : 118.0,
    "pct2ResTime" : 126.0,
    "pct3ResTime" : 10002.0,
    "throughput" : 1173.2012366960146,
    "receivedKBytesPerSec" : 548.5787709673625,
    "sentKBytesPerSec" : 205.88292266605197
  },
  "HTTP Request для PUT /character/id" : {
    "transaction" : "HTTP Request для PUT /character/id",
    "sampleCount" : 356573,
    "errorCount" : 13204,
    "errorPct" : 3.7030284,
    "meanResTime" : 815.4209124078567,
    "medianResTime" : 97.0,
    "minResTime" : 1.0,
    "maxResTime" : 154022.0,
    "pct1ResTime" : 121.0,
    "pct2ResTime" : 133.0,
    "pct3ResTime" : 10003.0,
    "throughput" : 234.52794224624537,
    "receivedKBytesPerSec" : 74.99478134171191,
    "sentKBytesPerSec" : 51.1813899562348
  },
  "HTTP Request для DELETE /character/id" : {
    "transaction" : "HTTP Request для DELETE /character/id",
    "sampleCount" : 356371,
    "errorCount" : 13153,
    "errorPct" : 3.6908166,
    "meanResTime" : 816.1028815476114,
    "medianResTime" : 97.0,
    "minResTime" : 2.0,
    "maxResTime" : 154002.0,
    "pct1ResTime" : 121.0,
    "pct2ResTime" : 137.95000000000073,
    "pct3ResTime" : 10015.980000000003,
    "throughput" : 234.3980104803643,
    "receivedKBytesPerSec" : 72.17822833853603,
    "sentKBytesPerSec" : 47.381771401658284
  }
}