{
  "HTTP Request для GET /character/id" : {
    "transaction" : "HTTP Request для GET /character/id",
    "sampleCount" : 100,
    "errorCount" : 0,
    "errorPct" : 0.0,
    "meanResTime" : 11.599999999999998,
    "medianResTime" : 9.5,
    "minResTime" : 4.0,
    "maxResTime" : 47.0,
    "pct1ResTime" : 20.0,
    "pct2ResTime" : 22.94999999999999,
    "pct3ResTime" : 46.97999999999999,
    "throughput" : 95.23809523809523,
    "receivedKBytesPerSec" : 21.85639880952381,
    "sentKBytesPerSec" : 11.811755952380953
  },
  "HTTP Request для GET /characters." : {
    "transaction" : "HTTP Request для GET /characters.",
    "sampleCount" : 100,
    "errorCount" : 0,
    "errorPct" : 0.0,
    "meanResTime" : 190.71000000000004,
    "medianResTime" : 204.0,
    "minResTime" : 83.0,
    "maxResTime" : 232.0,
    "pct1ResTime" : 224.8,
    "pct2ResTime" : 228.95,
    "pct3ResTime" : 231.98,
    "throughput" : 88.65248226950355,
    "receivedKBytesPerSec" : 43.18518672429079,
    "sentKBytesPerSec" : 10.90841090425532
  },
  "HTTP Request для POST /character" : {
    "transaction" : "HTTP Request для POST /character",
    "sampleCount" : 100,
    "errorCount" : 0,
    "errorPct" : 0.0,
    "meanResTime" : 10.129999999999999,
    "medianResTime" : 9.0,
    "minResTime" : 6.0,
    "maxResTime" : 24.0,
    "pct1ResTime" : 17.700000000000017,
    "pct2ResTime" : 20.94999999999999,
    "pct3ResTime" : 23.97999999999999,
    "throughput" : 94.9667616334283,
    "receivedKBytesPerSec" : 21.794129867046536,
    "sentKBytesPerSec" : 21.237683998100668
  },
  "Total" : {
    "transaction" : "Total",
    "sampleCount" : 500,
    "errorCount" : 0,
    "errorPct" : 0.0,
    "meanResTime" : 46.374,
    "medianResTime" : 10.0,
    "minResTime" : 3.0,
    "maxResTime" : 232.0,
    "pct1ResTime" : 204.0,
    "pct2ResTime" : 216.0,
    "pct3ResTime" : 228.99,
    "throughput" : 434.4048653344917,
    "receivedKBytesPerSec" : 125.47003963944395,
    "sentKBytesPerSec" : 78.4813477410947
  },
  "HTTP Request для PUT /character/id" : {
    "transaction" : "HTTP Request для PUT /character/id",
    "sampleCount" : 100,
    "errorCount" : 0,
    "errorPct" : 0.0,
    "meanResTime" : 9.4,
    "medianResTime" : 8.0,
    "minResTime" : 4.0,
    "maxResTime" : 27.0,
    "pct1ResTime" : 13.0,
    "pct2ResTime" : 20.0,
    "pct3ResTime" : 26.989999999999995,
    "throughput" : 96.43201542912247,
    "receivedKBytesPerSec" : 24.578863307618132,
    "sentKBytesPerSec" : 21.659534715525556
  },
  "HTTP Request для DELETE /character/id" : {
    "transaction" : "HTTP Request для DELETE /character/id",
    "sampleCount" : 100,
    "errorCount" : 0,
    "errorPct" : 0.0,
    "meanResTime" : 10.030000000000005,
    "medianResTime" : 9.0,
    "minResTime" : 3.0,
    "maxResTime" : 31.0,
    "pct1ResTime" : 14.0,
    "pct2ResTime" : 19.849999999999966,
    "pct3ResTime" : 30.93999999999997,
    "throughput" : 96.71179883945841,
    "receivedKBytesPerSec" : 23.516833897485494,
    "sentKBytesPerSec" : 20.116809719535784
  }
}